uid,wechat_level,weibo_level,wechat_cnt,weibo_cnt
MjM5MjM0MzQ0MA,A,UG,940,3014
MzI2OTA3MTA5Mg,G,UG,576,2031
MjM5MTA2OTIzNw,A,UG,313,780
MjM5MzQ5MDQxOQ,A,UG,23,882
MzAxOTY2OTE0OA,G,L,17,5814
MjM5OTU5NzM4MQ,A,UG,3095,1203
MzAwNzY1MjA4NQ,A,UG,11,87
MjM5NTQ2MzU0MQ,A,UG,410,7562
MzA4MzM4NjU2MQ,G,UG,47,130
MzIxMDc2MDM0Mw,G,UG,10,261
MzAxOTI2NzUzNg,G,UG,11,126
MzI5NTA5MTEzMQ,A,L,91,511
MzA4MzE0NjE3Mg,L,L,694,92
MzA4MDAzNzQ1MA,G,UG,655,234
MzAwNDAzNTg2Nw,G,UG,10,16
MzIyMTAwMjI2OQ,G,UG,17,57
MzA5NjExODAwOQ,A,UG,949,1427
MjM5Nzg0MTQ3OQ,L,G,3167,656
MzA5MjU4OTE1NQ,G,UG,46,173
MjM5NDg5MjExMQ,A,L,1891,10028
MzI2MDIyMDA3Ng,G,UG,57,159
MzIxNjg2MzU3Ng,A,UG,2003,5740
MzAwMjMzNTEzNg,A,UG,1117,2681
MzI5NDgwMDMyNQ,G,L,483,1052
MzA4MzMxNTk3Ng,L,UG,620,154
MzAxMjM3OTE4NQ,L,UG,12,161
MzA4MjU0Njc0Nw,A,UG,197,375
MzA5Njg1OTE1Mg,G,UG,47,99
MjM5NDU2MTMzNQ,A,UG,5458,1416
MjM5MjAxMzI4MA,A,UG,106,627
MzAxMjA4OTE0NA,G,UG,78,1279
MzI2MDE2OTkwMg,A,UG,178,478
MzA3ODc5OTQyNA,G,UG,57,51
MjM5MzU3MjQ0Mw,A,UG,987,2304
MjM5OTIxMzc4MA,A,L,692,8192
MzI4OTAzOTE1Ng,A,UG,3106,2813
MjM5NDk5NzYyMA,A,UG,7081,21458
MzA3OTI2OTI5NA,G,UG,1609,411
MjM5MzM3NDg4MA,A,UG,351,504
MzA5MzAwMTkwNQ,A,L,111,482
MzU2NDIxOTAyNg,A,UG,280,2419
MjM5NjIwMTY4Mg,G,L,167,631
MzIxMjc0MDY3OA,A,UG,90,914
MzIxMTk1MTYxOA,A,UG,151,3294
MjM5MzQ3NTAzNg,G,L,1626,4655
MjM5MDAzNjg2MA,A,L,137,682
OTYxMzAyNjYx,A,L,538,1287
MzA3NjMwNzQyNA,G,UG,27,150
MjM5ODk5MTE1Mg,G,G,68,12178
MzA4NDcxMzYwNA,A,L,2676,552
MzAxNDA4NDk1MQ,A,UG,26,834
MzA4MzA2MTgxMQ,A,UG,381,1146
MzA4MTM1MzYxNA,G,UG,23,21
MzU2NDIxOTAyNg,A,L,280,3421
MzI1MjEzOTU1NQ,A,A,248,393
MjM5NjA1Njg4MA,A,UG,530,9152
Mzg3MzI1NTU4Ng,G,UG,125,1054
MzU4ODMxNTIyNw,L,UG,45,16
MzIwMDEzODEzMg,G,UG,21,160
MzA3NzkwNTAzNg,A,UG,113,4527
MjM5OTY3NDA2NA,A,G,19,307
MzI5MjA1MTMxNA,G,L,3135,437
MzAwNzc0MzY3MQ,G,UG,58,504
MzA4NjgwMzM4NA,A,UG,1170,687
MzA4MzIxMTAxNQ,A,L,717,3559
MTYyODMwOTMwMQ,A,L,1534,6900
MjM5MDA1OTg4MA,G,UG,1963,3735
MzA4MTM1MzYxNA,G,UG,23,22
MzAwNTE4MzQyMQ,A,UG,1337,12809
MjM5NzA5MDcwMA,G,L,3149,44016
MzA3NzMzNjUzNQ,A,UG,11,17234
MjM5NjQwMDc2MA,A,UG,632,183
MzA5NzI4OTA3OA,A,UG,55,610
MzA4MTczMDgyNQ,A,UG,1856,2757
MzA3MTIxMjcyNg,A,L,32,1918
MzI3OTU5MzU1Mg,A,UG,2727,4734
MzIxMjAyNTg4NQ,A,L,1372,4126
MzAwMjMzNTMxOA,L,L,156,767
MzA5MzEzMDAxMg,G,UG,23,123
MjM5NTI3MTA3Mw,G,UG,1950,2429
MzI3ODE3MzU5Mw,A,UG,183,509
MzA5MDM1MTcyNQ,L,L,759,2177
MzA4MjYzODk2Nw,G,UG,13,55
MjM5NDY2OTI2Mw,A,UG,456,1523
MzI1ODg3OTY5NA,G,L,673,880
MzA3NDQ1MDk4OQ,A,UG,20,107
MzAwOTUzNTYxOQ,G,UG,2458,9029
MzAxMzMyOTIwNw,A,UG,1618,4387
MjM5OTAxNDA4MA,A,UG,288,253
MzAwMTIxMjcxMA,A,L,1408,9277
MzIxNTQyMDA2Ng,A,UG,46,220
MzA3MDI2MjIzNw,G,L,478,411
MjM5ODI2NzA2NQ,A,UG,32,29
